LAST_NAME;LANG
Sánchez;ES
García;ES
Johnson;EN
Smith;EN
Thomas;EN
Aldrich;EN
Athens;EN
Becher;EN
Bellamy;EN
Berry;EN
Bradley;EN
Browning;EN
Dunne;EN
Ferrer;EN
Gibbs;EN
Hamill;EN
Hamilton;EN
Henry;EN
Hemsley;EN
Lawler;EN
González;ES
Rodríguez;ES
Fernández;ES
López;ES
Martínez;ES
Pérez;ES
Gómez;ES
Martin;ES
Jiménez;ES
Ruiz;ES
Hernández;ES
Diaz;ES
Moreno;ES
Muñoz;ES
Álvarez;ES
Romero;ES
Alonso;ES
Gutiérrez;ES
Navarro;ES
Torres;ES
Domínguez;ES
Vázquez;ES
Ramos;ES
Gil;ES
Ramírez;ES
Serrano;ES
Blanco;ES
Molina;ES
Morales;ES
Price;EN
Young;EN
Morris;EN
Wood;EN
King;EN
Ross;EN
Wright;EN
Henderson;EN
Jenkins;EN
Murphy;EN
Perry;EN
Moore;EN
Wilson;EN
Taylor;EN
Baker;EN
Brown;EN
Miller;EN
Anderson;EN
Jackson;EN
Richarson;EN
Hughes;EN
Cooper;EN
Patterson;EN
Tyson;EN
Andrade;EN
Adams;EN
Bell;EN
Cook;EN
Hill;EN
Scott;EN
Davis;EN
Coleman;EN
Arias;ES
Carmona;ES
Crespo;ES
Román;ES
Pastor;ES
Soto;ES
Sáez;ES
Velasco;ES
Moya;ES
Soler;ES
Parra;ES
Esteban;ES
Bravo;ES
Gallardo;ES
Rojas;ES
Barnes;EN